"id","namefirst","namelast","age","street","city","state","zip","department","date","enabled"
"1","Jeff","Lambert","31","Ewibo Key","Tezowin","AR","44122","it","12/31/1948","Y"
"2","Bessie","Rodriquez","19","Ozaju View","Icudukza","ID","63983","it","04/14/1999","N"
"3","Wayne","Graham","32","Wusak Plaza","Vehobo","MI","53746","finance","07/07/2020","Y"
"4","Henrietta","Becker","51","Vopen Place","Utmonla","SD","21895","customer service","02/18/2001","Y"
"5","Frances","Garrett","27","Kudfe Pike","Biirkaj","CA","10666","marketing","02/10/2069","N"
"6","Clyde","Webb","55","Hacu Court","Worudep","MO","37489","customer service","04/22/1962","Y"
"7","Chad","Oliver","59","Siwne Pass","Totadow","WA","29414","finance","06/26/1925","N"
"8","Theresa","Cruz","62","Wukil View","Rumenwon","CA","81766","customer service","02/17/1945","Y"
"9","Wayne","Copeland","60","Difni Grove","Zosafuwe","IL","38598","it","08/05/2045","Y"
"10","Charles","Reyes","37","Nisa Place","Rofihtu","OR","76206","finance","06/26/1952","Y"
"11","Alfred","Morgan","34","Lobbef Glen","Alehowzag","HI","01032","marketing","12/30/1968","Y"
"12","Edna","Klein","36","Wumej Key","Citicvir","CO","14145","it","09/28/2010","N"
"13","Susie","Hodges","27","Fukug Loop","Golunik","AK","39911","finance","10/07/2065","N"
"14","William","May","39","Sekzug Pike","Kusmesna","GA","59800","finance","10/14/2062","N"
"15","Craig","Singleton","64","Buleda Key","Ejiruoju","LA","28583","marketing","04/03/2012","N"
"16","Chase","Day","25","Nacuj Boulevard","Naolehik","MD","60569","marketing","07/29/1957","N"
"17","Danny","Cook","53","Kuopi Center","Azehumce","DE","67658","it","10/19/2006","N"
"18","Billy","Wade","28","Reite Path","Onopacah","MD","72673","it","07/03/1953","N"
"19","Ellen","Mack","18","Gizgu View","Gihnieke","SC","33292","marketing","12/31/1972","Y"
"20","Leon","Bowman","61","Sawzu Key","Berdake","MO","51903","finance","05/14/1932","Y"
"21","Russell","May","64","Konku Pike","Nowovta","AR","79496","finance","07/15/2057","N"
"22","Rosalie","Moreno","29","Talze Park","Hoviboma","WY","22336","finance","07/31/1966","N"
"23","John","Banks","18","Diom River","Iliazawa","UT","38852","customer service","02/22/2004","N"
"24","Juan","Daniels","18","Opzi Plaza","Ruzjerba","NE","12671","finance","06/09/1981","N"
"25","Loretta","Hughes","46","Rickuk Park","Mopciphu","KY","19404","marketing","03/08/1933","Y"
"26","Alberta","Leonard","28","Tubas Extension","Jabvicoh","CA","92248","customer service","12/04/1979","Y"
"27","Ida","Dixon","56","Cewo Parkway","Hujdeglo","MD","14419","marketing","07/04/1947","Y"
"28","Lura","Ward","45","Ogiruw Trail","Pojurduw","CT","87231","finance","03/22/2035","Y"
"29","Zachary","Bass","31","Tadam Circle","Celliwobi","DE","09431","it","02/23/2020","Y"
"30","Sam","Jefferson","61","Sala Way","Oftodba","TX","36827","marketing","07/20/1938","Y"
"31","Leroy","Berry","56","Horob Street","Wulepize","NH","68719","it","12/13/1921","N"
"32","Max","Hernandez","28","Hielo Ridge","Milzowof","MN","48087","marketing","05/08/2034","Y"
"33","Addie","Stevenson","61","Tafaci Mill","Fekpiti","CO","09697","it","03/13/1911","Y"
"34","Kenneth","Parks","36","Nibzeh Lane","Docokvev","HI","58574","customer service","10/24/2019","Y"
"35","Cory","Hunter","58","Lufig Key","Wuburek","IN","25078","marketing","03/13/1970","N"
"36","Harriet","Garrett","63","Norep Glen","Dewlamu","OR","23209","finance","12/27/1974","N"
"37","Randall","Reynolds","62","Taciz Street","Ojumimuh","VA","65522","customer service","12/25/1904","Y"
"38","Garrett","Carpenter","37","Fidu Path","Awuluef","AR","89207","marketing","06/11/1960","N"
"39","Justin","Pearson","49","Jonav Pass","Orawolur","TN","52021","marketing","02/14/2036","Y"
"40","Clyde","Newton","22","Warmuv Road","Ojgazet","MA","36807","marketing","06/19/1929","Y"
"41","Eliza","Flores","47","Raed Junction","Zorosu","DE","77012","finance","06/16/2005","N"
"42","Olivia","Stephens","60","Dinut Plaza","Nahalze","ND","20040","marketing","04/02/1936","Y"
"43","Juan","Wilson","46","Vofi Circle","Zobuposum","WY","38823","customer service","07/22/1907","N"
"44","Mabelle","Henderson","24","Mafrih Center","Lewagak","DE","17249","finance","09/02/2033","N"
"45","Cecelia","Pope","55","Dica Mill","Dadobze","NJ","92487","it","03/04/2018","N"
"46","Calvin","Barnes","43","Gafcol Drive","Igisitu","AR","42899","customer service","09/25/2068","N"
"47","Johnny","Long","27","Ritcih Pike","Veipuwoc","FL","02853","marketing","04/16/1940","N"
"48","Aaron","Floyd","21","Ivge Pike","Pahpiabu","AZ","07152","finance","04/13/2069","N"
"49","Rosie","Butler","51","Namzu Center","Bekehe","AR","51386","marketing","07/19/1912","N"
"50","Corey","Holt","54","Kinu Manor","Jodbubo","ND","85845","it","11/23/1928","N"
"51","Eric","Daniels","22","Jujjup Plaza","Fefmakafi","DE","53885","it","03/11/1933","N"
"52","Ada","Pope","62","Neftam Street","Hahepda","IA","84246","it","07/05/2055","N"
"53","Luke","Salazar","44","Tipo Place","Noimifa","CA","51958","customer service","06/03/1934","N"
"54","Tillie","Bryan","50","Limil Place","Ihupofcu","ND","04431","finance","01/19/2041","N"
"55","Travis","Peterson","33","Kipzi Circle","Izojala","MI","51677","marketing","09/27/2057","N"
"56","Duane","Lynch","24","Sinho Loop","Jabbawru","IA","23813","marketing","10/23/2055","N"
"57","Nicholas","Rogers","55","Hijwa Circle","Ecemeda","ID","72430","marketing","12/02/1951","Y"
"58","Samuel","Bryant","28","Gufo Street","Jeagjeh","NC","55655","finance","01/23/2062","Y"
"59","Olivia","Barton","62","Miro Lane","Jeipugeg","UT","03073","marketing","08/22/1936","Y"
"60","Phillip","Wheeler","61","Pigad Place","Fuceci","HI","78156","finance","07/20/1996","N"
"61","Helen","Hansen","37","Jajdo River","Jezjoen","AZ","78334","customer service","03/26/2020","N"
"62","Bettie","Moran","40","Cadsic Junction","Halhivu","WY","57846","customer service","08/21/1979","N"
"63","Eleanor","Perez","58","Foczes Trail","Oviuvpi","NC","43598","it","11/04/1907","N"
"64","Agnes","Wood","43","Pohota Park","Usroiso","NY","18263","it","11/08/1999","Y"
"65","Christopher","Jones","59","Jedma Park","Gutatzup","PA","13130","customer service","08/24/2061","N"
"66","Lenora","Franklin","37","Weog Loop","Kosbius","HI","94137","finance","06/11/2069","Y"
"67","Daisy","Coleman","56","Peis River","Uwgiij","WI","87203","customer service","03/02/1924","Y"
"68","Alan","Castillo","48","Gelevo Heights","Kivkoluk","WY","54763","marketing","08/30/2038","Y"
"69","Lilly","Boyd","51","Pirtab Park","Buvjoszon","AL","79987","finance","06/20/2006","Y"
"70","Florence","Vaughn","24","Lomem Key","Cijevafij","MA","44824","customer service","10/05/1955","N"
"71","Blake","Carson","52","Wifir Place","Bubneri","MS","06412","finance","10/12/2032","Y"
"72","Claudia","Keller","20","Fesmap Court","Rasotjup","VA","28654","marketing","10/16/2002","N"
"73","Sally","Bowen","55","Ziwe Extension","Couhopi","VA","28708","finance","09/12/2027","N"
"74","Ruby","Steele","62","Kojpem Drive","Jeagbit","WI","53208","marketing","02/01/1977","N"
"75","Isabelle","Harvey","22","Naco River","Ampize","DE","69671","finance","08/27/1979","Y"
"76","Shawn","Morton","62","Cajru Glen","Kouwaki","TN","84614","finance","06/20/2056","N"
"77","Caroline","Morales","29","Zaobi Junction","Pakowo","IN","49827","customer service","08/10/2036","N"
"78","Kate","Cortez","63","Gipi Avenue","Jiucba","SD","18907","it","05/05/1931","Y"
"79","Gilbert","Little","59","Ruhow Turnpike","Ovuvanat","UT","96351","finance","04/17/1912","Y"
"80","Ronald","Chandler","42","Cidhi Parkway","Zeszumic","DE","41124","customer service","03/06/1944","N"
"81","Duane","Dennis","62","Wuzra Boulevard","Jezjiwa","AZ","99326","finance","01/21/2061","N"
"82","Katie","Burke","55","Bacwi Center","Muopfa","RI","21882","finance","06/08/2057","N"
"83","Stella","Paul","21","Enow View","Ecwijed","OR","28279","it","01/07/1907","Y"
"84","Matthew","Quinn","40","Gogdu River","Hureva","KS","09281","marketing","11/30/1985","Y"
"85","Ollie","Colon","32","Wettur Center","Aculozfe","ND","89992","marketing","05/19/1955","Y"
"86","Jon","Hale","31","Ovomi Place","Ugifidu","ID","63573","customer service","07/08/2034","N"
"87","Helen","Barnes","40","Nussa Pass","Nijico","MO","87617","marketing","09/27/2040","N"
"88","Jeremiah","Boyd","47","Emnef Extension","Icereni","KY","65145","finance","01/29/1926","Y"
"89","Lottie","Wise","22","Ugmi Circle","Isholo","CO","88267","customer service","05/20/1900","Y"
"90","Mabel","Collier","55","Varuc Court","Cumcitce","OH","78080","marketing","02/11/1995","N"
"91","Lora","Austin","64","Lippa View","Dobjehor","IN","53063","marketing","05/23/1918","Y"
"92","Rebecca","Frazier","26","Kehor Grove","Jakisubul","NY","36040","finance","09/28/1992","Y"
"93","Charlotte","Pierce","64","Pehfe Highway","Icjehem","DC","96170","customer service","06/10/1940","N"
"94","Nannie","Hansen","60","Zibah Manor","Hecoti","VT","20850","it","04/15/1945","Y"
"95","Sophia","Harvey","54","Orcep Lane","Iceteto","IN","64540","marketing","07/28/2020","N"
"96","Isaiah","Mack","32","Joido Drive","Mujgalo","WY","46739","finance","08/09/1925","Y"
"97","Nelle","Sherman","41","Cotez Junction","Ifaowefev","MA","13838","customer service","04/15/1976","Y"
"98","Herman","Coleman","59","Hagrus Lane","Rabucol","MI","35161","finance","11/20/1920","Y"
"99","Carlos","Caldwell","59","Gobok Grove","Kewudam","MN","68709","finance","05/10/1961","N"
"100","Rachel","Gardner","46","Radpi Key","Tigieje","AZ","55250","marketing","09/24/2018","N"
"999",,,,,,,,,,
